timestamp,title,link
24 Min Ago,‘Gringos leave’: Protests targeting travelers rise as overtourism anger grows,https://www.cnbc.com/2025/09/03/protests-in-spain-mexico-target-travelers-as-overtourism-anger-grows.html
40 Min Ago,Cramer’s Lightning Round: Take a little AppLovin off the table,https://www.cnbc.com/2025/09/02/cramers-lightning-round-take-a-little-applovin-off-the-table.html
40 Min Ago,Wednesday’s big stock stories: What’s likely to move the market in the next trading session,https://www.cnbc.com/2025/09/02/wednesdays-big-stock-stories-whats-likely-to-move-the-market-in-the-next-trading-session.html
41 Min Ago,Signet Jewelers CEO on why there’s both natural and lab-grown diamonds,https://www.cnbc.com/2025/09/02/signet-jewelers-ceo-natural-and-lab-grown-diamonds.html
44 Min Ago,Jim Cramer explains how to handle Tuesday’s market decline,https://www.cnbc.com/2025/09/02/jim-cramer-explains-how-to-handle-tuesdays-market-decline.html
1 Hour Ago,"Google’s AI stumbles, ChatGPT’s emergence ‘changed the course’ of antitrust case",https://www.cnbc.com/2025/09/02/google-ai-stumbles-chatgpt-emergence-changed-course-of-antitrust-case.html
1 Hour Ago,Stock futures edge higher after Google avoids harsh antitrust penalty: Live updates,https://www.cnbc.com/2025/09/02/stock-market-today-live-updates.html
2 Hours Ago,Apple shares rise after decision in Google antitrust case,https://www.cnbc.com/2025/09/02/apple-shares-rise-after-decision-in-google-antitrust-case-.html
2 Hours Ago,"Waymo starts testing in Denver, Seattle in bid to expand robotaxi service across U.S.",https://www.cnbc.com/2025/09/02/waymo-starts-testing-in-denver-seattle-expands-us-robotaxi-service.html
3 Hours Ago,Abbe Lowell: The veteran lawyer squaring off against Trump in Fed fight,https://www.cnbc.com/2025/09/02/abbe-lowell-trump-lawyer-lisa-cook-.html
3 Hours Ago,Google stock jumps 8% after search giant avoids worst antitrust penalties,https://www.cnbc.com/2025/09/02/google-antitrust-search-ruling.html
3 Hours Ago,"Santoli’s Tuesday market wrap-up: Fresh challenges to prevailing, bullish beliefs",https://www.cnbc.com/2025/09/02/santolis-tuesday-market-wrap-up-challenges-to-prevailing-bullish-beliefs.html
4 Hours Ago,Trump will ask Supreme Court for ‘expedited ruling’ on tariffs appeal,https://www.cnbc.com/2025/09/02/trump-trade-supreme-court-tariffs-appeal.html
4 Hours Ago,"Investors can grab double-digit yields with these buy-rated funds, BofA says",https://www.cnbc.com/2025/09/02/grab-double-digit-yields-with-these-buy-rated-funds-bank-of-america-says.html
4 Hours Ago,Airplane leasing world shrinks with $7.4 billion takeover of Air Lease,https://www.cnbc.com/2025/09/02/airplane-leasing-air-lease-takeover.html
5 Hours Ago,"OpenAI acquires Statsig for $1.1 billion, brings on CEO as applications executive",https://www.cnbc.com/2025/09/02/openai-buys-statsig-for-1point1-billion-hires-ceo-as-applications-exec.html
5 Hours Ago,"Harvard expert shares his 1 tip for living a happier, more successful life",https://www.cnbc.com/2025/09/02/harvard-expert-arthur-brooks-top-tip-for-happier-more-successful-life.html
5 Hours Ago,"The best and worst in Tuesday’s down stock market — plus, Nvidia quashes rumors",https://www.cnbc.com/2025/09/02/the-best-and-worst-in-tuesdays-down-stock-market-plus-nvidia-quashes-rumors.html
5 Hours Ago,Goldman adds Walmart to September ‘conviction list.’ Here’s who else made it,https://www.cnbc.com/2025/09/02/goldman-adds-walmart-to-september-conviction-list-who-else-made-it.html
6 Hours Ago,The hidden gem of Home Depot’s over $22 billion of deals to boost its pro sales,https://www.cnbc.com/2025/09/02/the-hidden-gem-of-home-depots-over-22-billion-of-deals-to-boost-its-pro-sales.html
6 Hours Ago,What Trump court loss means for billions in tariffs paid to government,https://www.cnbc.com/2025/09/02/what-trump-court-loss-means-for-billions-in-tariffs-paid-to-government.html
6 Hours Ago,"Stocks making biggest moves midday: Frontier Group, Kraft Heinz, Biogen & more",https://www.cnbc.com/2025/09/02/stocks-making-the-biggest-midday-moves-ulcc-khc-pep-biib.html
7 Hours Ago,JPMorgan’s favorite stocks heading into September,https://www.cnbc.com/2025/09/02/jpmorgans-favorite-stocks-heading-into-september.html
7 Hours Ago,Anthropic raises $13 billion funding round at $183 billion valuation,https://www.cnbc.com/2025/09/02/anthropic-raises-13-billion-at-18-billion-valuation.html
7 Hours Ago,Amazon cracks down on Prime free shipping sharing,https://www.cnbc.com/2025/09/02/amazon-eliminates-prime-share-shipping.html
7 Hours Ago,Why Cramer is reluctant to buy Tuesday’s sell-off — and good news for Starbucks,https://www.cnbc.com/2025/09/02/why-jim-cramer-is-reluctant-to-buy-tuesdays-sell-off-and-good-news-on-starbucks-turnaround.html
7 Hours Ago,Salesforce is having a bad year. This is where investors want to see growth,https://www.cnbc.com/2025/09/02/salesforce-investors-hope-for-faster-growth-ai-progress-in-earnings-.html
8 Hours Ago,September has bad reputation. It’s the back half that traders should worry about,https://www.cnbc.com/2025/09/02/september-has-a-bad-reputation-its-the-back-half-of-month-traders-need-to-worry-about.html
8 Hours Ago,"Starbucks to launch protein-packed cold foam, lattes later this month",https://www.cnbc.com/2025/09/02/starbucks-to-launch-protein-packed-cold-foam-lattes-sept-29.html
8 Hours Ago,"Fed Governor Lisa Cook ‘did not ever commit mortgage fraud,’ her lawyer says",https://www.cnbc.com/2025/09/02/trump-lisa-cook-fed-powell-fraud.html
